Transaction_ID,Date,Customer_ID,Gender,Age,Category,Sub-Category,Quantity,Unit_Price,Cost_Price,Total_Sales,Total Cost,Region,Opening_Inventory,Closing_Inventory,Profit,Profit_Margin,Average_Inventory,Inventory_Days,Month,Season,Slow_Moving,Overstocked
T00007,2023-03-30,CUST415,Female,31.0,Home & Kitchen,Decor,2,494,447.0,988,894,Maharashtra,179,177,94,9.51417004048583,178.0,5.58502024291498,3,Spring,True,False
T00013,2023-02-10,CUST256,Female,32.0,Sports,Fitness,1,250,167.0,250,167,Maharashtra,137,136,83,33.2,136.5,15.288,2,Winter,True,False
T00018,2023-01-05,CUST317,Female,31.0,Home & Kitchen,Cookware,3,189,136.0,567,408,Maharashtra,139,136,159,28.04232804232804,137.5,7.517636684303351,1,Winter,True,False
T00019,2023-02-11,CUST991,Female,30.0,Home & Kitchen,Decor,3,174,128.0,522,384,Delhi,101,98,138,26.436781609195403,99.5,5.337164750957855,2,Winter,True,False
T00023,2023-11-27,CUST739,Male,45.0,Clothing,Jeans,1,442,386.0,442,386,Tamil Nadu,170,169,56,12.669683257918551,169.5,11.504524886877828,11,Fall,True,False
T00024,2023-10-10,CUST732,Female,30.0,Clothing,Jackets,1,436,374.0,436,374,Delhi,186,185,62,14.220183486238533,185.5,13.189220183486238,10,Fall,True,False
T00026,2023-06-09,CUST707,Female,41.0,Clothing,Shirts,1,522,463.0,522,463,Delhi,101,100,59,11.302681992337165,100.5,5.775862068965518,6,Summer,True,False
T00028,2023-07-06,CUST212,Female,19.0,Sports,Fitness,2,523,470.0,1046,940,Gujarat,178,176,106,10.133843212237094,177.0,5.245697896749522,7,Summer,True,False
T00031,2023-08-28,CUST243,Male,50.0,Home & Kitchen,Furniture,1,457,389.0,457,389,Gujarat,142,141,68,14.87964989059081,141.5,9.598468271334792,8,Summer,True,False
T00033,2023-12-18,CUST810,Female,58.0,Home & Kitchen,Decor,1,598,458.0,598,458,Gujarat,153,152,140,23.411371237458194,152.5,7.90551839464883,12,Winter,True,False
T00034,2023-05-09,CUST878,Female,45.0,Electronics,Mobiles,1,297,202.0,297,202,Delhi,91,90,95,31.986531986531986,90.5,9.446127946127946,5,Spring,True,False
T00038,2023-04-30,CUST772,Female,41.0,Home & Kitchen,Furniture,4,205,176.0,820,704,Karnataka,153,149,116,14.146341463414632,151.0,5.524390243902439,4,Spring,True,False
T00052,2023-02-05,CUST784,Male,37.0,Sports,Fitness,1,206,164.0,206,164,Gujarat,191,190,42,20.388349514563107,190.5,25.893203883495147,2,Winter,True,False
T00056,2023-01-05,CUST202,Male,21.0,Sports,Fitness,2,192,147.0,384,294,Uttar Pradesh,96,94,90,23.4375,95.0,7.669270833333334,1,Winter,True,False
T00062,2023-06-03,CUST755,Male,54.0,Sports,Outdoor,2,129,113.0,258,226,Delhi,118,116,32,12.4031007751938,117.0,13.604651162790699,6,Summer,True,False
T00065,2023-09-03,CUST936,Female,53.0,Electronics,Accessories,2,370,335.0,740,670,Maharashtra,196,194,70,9.45945945945946,195.0,7.905405405405405,9,Fall,True,False
T00066,2023-04-06,CUST868,Female,22.0,Sports,Fitness,1,278,247.0,278,247,Gujarat,51,50,31,11.151079136690647,50.5,5.449640287769784,4,Spring,True,False
T00069,2023-02-12,CUST655,Male,46.0,Electronics,Mobiles,1,367,293.0,367,293,Karnataka,84,83,74,20.16348773841962,83.5,6.370572207084469,2,Winter,True,False
T00071,2023-04-15,CUST295,Female,28.0,Beauty,Haircare,1,171,135.0,171,135,Maharashtra,187,186,36,21.052631578947366,186.5,32.719298245614034,4,Spring,True,False
T00074,2023-10-06,CUST316,Male,52.0,Beauty,Haircare,1,578,440.0,578,440,Maharashtra,133,132,138,23.875432525951556,132.5,7.106401384083045,10,Fall,True,False
T00075,2023-08-05,CUST441,Female,30.0,Electronics,Accessories,3,213,190.0,639,570,Uttar Pradesh,196,193,69,10.7981220657277,194.5,9.435837245696401,8,Summer,True,False
T00085,2023-06-22,CUST752,Female,45.0,Sports,Sportswear,2,173,151.0,346,302,Tamil Nadu,110,108,44,12.716763005780345,109.0,9.45086705202312,6,Summer,True,False
T00086,2023-12-27,CUST100,Male,20.0,Home & Kitchen,Furniture,1,395,314.0,395,314,Tamil Nadu,162,161,81,20.506329113924053,161.5,12.674683544303797,12,Winter,True,False
T00087,2023-11-08,CUST216,Male,23.0,Beauty,Skincare,2,165,111.0,330,222,Gujarat,110,108,108,32.72727272727273,109.0,9.909090909090908,11,Fall,True,False
T00098,2023-10-10,CUST788,Male,30.0,Clothing,Jeans,1,661,522.0,661,522,Delhi,178,177,139,21.02874432677761,177.5,8.324508320726173,10,Fall,True,False
T00102,2023-02-03,CUST447,Male,48.0,Clothing,Shirts,4,156,120.0,624,480,Maharashtra,167,163,144,23.076923076923077,165.0,7.403846153846154,2,Winter,True,False
T00108,2023-07-03,CUST500,Male,27.0,Sports,Outdoor,1,427,332.0,427,332,Gujarat,83,82,95,22.24824355971897,82.5,5.989461358313817,7,Summer,True,False
T00109,2023-09-19,CUST152,Female,19.0,Home & Kitchen,Decor,1,384,288.0,384,288,Delhi,164,163,96,25.0,163.5,12.7734375,9,Fall,True,False
T00112,2023-06-09,CUST160,Female,36.0,Home & Kitchen,Furniture,1,305,252.0,305,252,Delhi,110,109,53,17.37704918032787,109.5,10.77049180327869,6,Summer,True,False
T00114,2023-02-03,CUST177,Female,43.0,Sports,Fitness,1,443,389.0,443,389,Gujarat,96,95,54,12.18961625282167,95.5,6.036117381489842,2,Winter,True,False
T00120,2023-01-28,CUST813,Male,56.0,Electronics,Laptops,1,973,857.0,973,857,Tamil Nadu,175,174,116,11.921891058581705,174.5,5.559609455292908,1,Winter,True,False
T00125,2023-07-17,CUST681,Male,21.0,Beauty,Haircare,2,325,268.0,650,536,Tamil Nadu,144,142,114,17.53846153846154,143.0,6.819999999999999,7,Summer,True,False
T00126,2023-06-01,CUST922,Male,26.0,Clothing,T-Shirts,3,162,146.0,486,438,Delhi,85,82,48,9.876543209876543,83.5,5.154320987654321,6,Summer,True,False
T00138,2023-10-18,CUST824,Male,54.0,Clothing,T-Shirts,1,422,312.0,422,312,Gujarat,111,110,110,26.066350710900476,110.5,8.117298578199051,10,Fall,True,False
T00141,2023-08-13,CUST602,Male,19.0,Home & Kitchen,Cookware,2,191,160.0,382,320,Delhi,88,86,62,16.230366492146597,87.0,7.060209424083769,8,Summer,True,False
T00150,2023-08-06,CUST240,Female,57.0,Electronics,Mobiles,2,229,191.0,458,382,Tamil Nadu,153,151,76,16.593886462882097,152.0,10.2882096069869,8,Summer,True,False
T00156,2023-07-21,CUST535,Female,43.0,Clothing,Shirts,1,257,203.0,257,203,Karnataka,139,138,54,21.011673151750973,138.5,16.70622568093385,7,Summer,True,False
T00158,2023-05-08,CUST975,Female,41.0,Sports,Sportswear,1,695,549.0,695,549,Gujarat,137,136,146,21.007194244604317,136.5,6.088489208633094,5,Spring,True,False
T00160,2023-02-18,CUST948,Female,37.0,Clothing,Jackets,1,296,234.0,296,234,Karnataka,112,111,62,20.945945945945947,111.5,10.547297297297298,2,Winter,True,False
T00161,2023-07-08,CUST459,Male,24.0,Home & Kitchen,Decor,1,477,379.0,477,379,Karnataka,172,171,98,20.545073375262053,171.5,11.145702306079665,7,Summer,True,False
T00178,2023-04-19,CUST709,Male,40.0,Clothing,Jackets,1,171,117.0,171,117,Maharashtra,134,133,54,31.57894736842105,133.5,23.421052631578945,4,Spring,True,False
T00179,2023-02-11,CUST455,Male,58.0,Home & Kitchen,Decor,2,203,160.0,406,320,Gujarat,171,169,86,21.182266009852217,170.0,11.724137931034482,2,Winter,True,False
T00182,2023-06-22,CUST500,Male,43.0,Clothing,T-Shirts,1,582,445.0,582,445,Karnataka,113,112,137,23.53951890034364,112.5,5.798969072164949,6,Summer,True,False
T00195,2023-09-27,CUST434,Female,24.0,Beauty,Haircare,1,313,553.7307949231797,313,273,Karnataka,108,107,40,12.779552715654951,107.5,10.303514376996805,9,Fall,True,False
T00203,2023-12-06,CUST488,Male,18.0,Sports,Sportswear,2,133,103.0,266,206,Tamil Nadu,169,167,60,22.55639097744361,168.0,19.578947368421055,12,Winter,True,False
T00211,2023-06-09,CUST838,Male,55.0,Electronics,Laptops,1,396,301.0,396,301,Uttar Pradesh,122,121,95,23.98989898989899,121.5,9.204545454545455,6,Summer,True,False
T00221,2023-09-06,CUST130,Male,40.0,Home & Kitchen,Cookware,2,267,216.0,534,432,Tamil Nadu,88,86,102,19.101123595505616,87.0,4.887640449438202,9,Fall,True,False
T00223,2023-02-15,CUST766,Female,58.0,Electronics,Laptops,1,255,204.0,255,204,Maharashtra,137,136,51,20.0,136.5,14.988235294117647,2,Winter,True,False
T00225,2023-03-01,CUST434,Female,47.0,Beauty,Skincare,1,284,192.0,284,192,Karnataka,145,144,92,32.3943661971831,144.5,15.77288732394366,3,Spring,True,False
T00230,2023-08-14,CUST384,Male,21.0,Sports,Fitness,1,277,192.0,277,192,Tamil Nadu,64,63,85,30.685920577617328,63.5,7.106498194945848,8,Summer,True,False
T00242,2023-09-24,CUST313,Female,41.0,Home & Kitchen,Decor,1,475,318.0,475,318,Delhi,129,128,157,33.05263157894737,128.5,8.11578947368421,9,Fall,True,False
T00244,2023-01-02,CUST324,Male,50.0,Electronics,Laptops,1,463,416.0,463,416,Uttar Pradesh,165,164,47,10.151187904967603,164.5,11.014038876889849,1,Winter,True,False
T00257,2023-06-26,CUST707,Female,58.0,Clothing,Shirts,4,159,126.0,636,504,Gujarat,115,111,132,20.754716981132077,113.0,5.330188679245283,6,Summer,True,False
T00261,2023-10-20,CUST936,Female,55.0,Electronics,Accessories,1,562,493.0,562,493,Gujarat,174,173,69,12.277580071174377,173.5,9.570284697508896,10,Fall,True,False
T00262,2023-04-21,CUST113,Male,56.0,Sports,Sportswear,1,793,696.0,793,696,Uttar Pradesh,194,193,97,12.23203026481715,193.5,7.3203026481715,4,Spring,True,False
T00264,2023-10-30,CUST386,Male,28.0,Clothing,Jeans,2,194,166.0,388,332,Tamil Nadu,142,140,56,14.432989690721648,141.0,11.265463917525773,10,Fall,True,False
T00270,2023-10-03,CUST792,Male,41.0,Beauty,Skincare,3,155,104.0,465,312,Karnataka,99,96,153,32.903225806451616,97.5,6.5,10,Fall,True,False
T00275,2023-01-26,CUST747,Male,57.0,Sports,Outdoor,1,188,127.0,188,127,Maharashtra,95,94,61,32.4468085106383,94.5,15.582446808510639,1,Winter,True,False
T00280,2023-10-06,CUST950,Female,28.0,Clothing,Jeans,1,274,208.0,274,208,Maharashtra,138,137,66,24.087591240875913,137.5,15.556569343065695,10,Fall,True,False
T00282,2023-11-12,CUST704,Male,42.0,Home & Kitchen,Decor,1,392,314.0,392,314,Karnataka,151,150,78,19.897959183673468,150.5,11.517857142857142,11,Fall,True,False
T00306,2023-02-27,CUST358,Female,39.0,Beauty,Skincare,2,184,147.0,368,294,Gujarat,151,149,74,20.108695652173914,150.0,11.41304347826087,2,Winter,True,False
T00308,2023-02-05,CUST552,Male,30.0,Electronics,Accessories,1,851,721.0,851,721,Karnataka,155,154,130,15.276145710928319,154.5,5.083431257344301,2,Winter,True,False
T00311,2023-09-05,CUST463,Male,18.0,Home & Kitchen,Furniture,1,801,704.0,801,704,Maharashtra,199,198,97,12.109862671660425,198.5,7.4344569288389515,9,Fall,True,False
T00332,2023-07-10,CUST407,Male,43.0,Beauty,Skincare,2,289,235.0,578,470,Uttar Pradesh,131,129,108,18.685121107266436,130.0,6.9723183391003465,7,Summer,True,False
T00340,2023-07-30,CUST490,Male,45.0,Electronics,Laptops,3,292,257.0,876,771,Karnataka,143,140,105,11.986301369863012,141.5,5.007420091324201,7,Summer,True,False
T00341,2023-12-18,CUST619,Female,27.0,Electronics,Accessories,2,228,174.0,456,348,Maharashtra,130,128,108,23.684210526315788,129.0,8.769736842105264,12,Winter,True,False
T00343,2023-10-19,CUST481,Female,21.0,Clothing,T-Shirts,2,241,162.0,482,324,Maharashtra,168,166,158,32.780082987551864,167.0,10.740663900414937,10,Fall,True,False
T00344,2023-07-09,CUST866,Male,27.0,Clothing,Jeans,1,274,213.0,274,213,Maharashtra,51,50,61,22.26277372262774,50.5,5.713503649635037,7,Summer,True,False
T00375,2023-05-09,CUST891,Male,53.0,Sports,Outdoor,2,180,152.0,360,304,Uttar Pradesh,157,155,56,15.555555555555555,156.0,13.433333333333334,5,Spring,True,False
T00383,2023-12-11,CUST952,Male,29.0,Clothing,Jeans,1,294,265.0,294,265,Gujarat,166,165,29,9.863945578231291,165.5,17.450680272108844,12,Winter,True,False
T00391,2023-08-20,CUST312,Male,32.0,Clothing,Shirts,2,295,245.0,590,490,Delhi,174,172,100,16.94915254237288,173.0,9.089830508474577,8,Summer,True,False
T00408,2023-07-20,CUST759,Male,18.0,Electronics,Laptops,4,187,165.0,748,660,Karnataka,116,112,88,11.76470588235294,114.0,4.724598930481283,7,Summer,True,False
T00417,2023-06-13,CUST564,Female,47.0,Electronics,Mobiles,1,143,111.0,143,111,Gujarat,138,137,32,22.377622377622377,137.5,28.846153846153847,6,Summer,True,False
T00418,2023-05-22,CUST302,Male,52.0,Beauty,Makeup,1,517,370.0,517,370,Tamil Nadu,117,116,147,28.433268858800776,116.5,6.9854932301740815,5,Spring,True,False
T00425,2023-11-03,CUST649,Female,37.0,Electronics,Accessories,1,875,732.0,875,732,Uttar Pradesh,141,140,143,16.34285714285714,140.5,4.817142857142857,11,Fall,True,False
T00430,2023-11-08,CUST788,Male,30.0,Home & Kitchen,Decor,1,116,105.0,116,105,Karnataka,185,184,11,9.482758620689655,184.5,47.71551724137931,11,Fall,True,False
T00436,2023-06-02,CUST958,Male,40.0,Electronics,Laptops,2,373,332.0,746,664,Gujarat,133,131,82,10.991957104557642,132.0,5.3083109919571045,6,Summer,True,False
T00440,2023-11-27,CUST365,Female,31.0,Beauty,Haircare,2,258,225.0,516,450,Uttar Pradesh,88,86,66,12.790697674418606,87.0,5.058139534883721,11,Fall,True,False
T00444,2023-08-11,CUST378,Male,41.0,Sports,Outdoor,1,202,161.0,202,161,Maharashtra,156,155,41,20.2970297029703,155.5,23.863861386138613,8,Summer,True,False
T00445,2023-05-26,CUST519,Male,52.0,Clothing,T-Shirts,1,425,348.0,425,348,Uttar Pradesh,171,170,77,18.11764705882353,170.5,12.436470588235295,5,Spring,True,False
T00452,2023-12-10,CUST542,Male,20.0,Beauty,Skincare,3,253,222.0,759,666,Maharashtra,156,153,93,12.25296442687747,154.5,6.310276679841897,12,Winter,True,False
T00455,2023-07-20,CUST468,Male,46.0,Sports,Fitness,1,750,646.0,750,646,Karnataka,194,193,104,13.866666666666665,193.5,7.997999999999999,7,Summer,True,False
T00462,2023-10-11,CUST616,Male,34.0,Sports,Outdoor,1,701,589.0,701,589,Uttar Pradesh,113,112,112,15.977175463623395,112.5,4.9750356633380886,10,Fall,True,False
T00474,2023-04-23,CUST587,Male,24.0,Sports,Outdoor,2,157,113.0,314,226,Maharashtra,74,72,88,28.02547770700637,73.0,6.974522292993631,4,Spring,True,False
T00475,2023-02-06,CUST100,Male,32.0,Electronics,Accessories,1,155,105.0,155,105,Tamil Nadu,177,176,50,32.25806451612903,176.5,31.883870967741935,2,Winter,True,False
T00480,2023-06-11,CUST845,Female,33.0,Clothing,Jackets,2,164,145.0,328,290,Tamil Nadu,62,60,38,11.585365853658537,61.0,5.579268292682927,6,Summer,True,False
T00488,2023-03-20,CUST540,Male,48.0,Electronics,Accessories,1,627,560.0,627,560,Delhi,145,144,67,10.685805422647528,144.5,7.144338118022328,3,Spring,True,False
T00495,2023-12-06,CUST822,Female,29.0,Clothing,T-Shirts,1,178,143.0,178,143,Karnataka,97,96,35,19.662921348314608,96.5,16.8061797752809,12,Winter,True,False
T00499,2023-12-09,CUST272,Male,51.0,Beauty,Skincare,1,303,223.0,303,223,Gujarat,67,66,80,26.4026402640264,66.5,6.803630363036304,12,Winter,True,False
T00502,2023-04-28,CUST153,Male,27.0,Home & Kitchen,Cookware,1,489,341.0,489,341,Maharashtra,95,94,148,30.265848670756647,94.5,5.7975460122699385,4,Spring,True,False
T00505,2023-01-24,CUST640,Male,42.0,Home & Kitchen,Cookware,4,173,137.0,692,548,Uttar Pradesh,114,110,144,20.809248554913296,112.0,5.017341040462427,1,Winter,True,False
T00507,2023-06-30,CUST781,Female,47.0,Electronics,Accessories,1,251,208.0,251,208,Maharashtra,82,81,43,17.131474103585656,81.5,9.741035856573705,6,Summer,True,False
T00510,2023-08-02,CUST158,Female,21.0,Home & Kitchen,Furniture,4,190,159.0,760,636,Gujarat,147,143,124,16.315789473684212,145.0,5.9144736842105265,8,Summer,True,False
T00518,2023-08-12,CUST672,Male,38.0,Clothing,T-Shirts,2,204,169.0,408,338,Uttar Pradesh,135,133,70,17.15686274509804,134.0,10.181372549019608,8,Summer,True,False
T00521,2023-12-17,CUST767,Male,23.0,Sports,Sportswear,1,410,277.0,410,277,Maharashtra,97,96,133,32.4390243902439,96.5,7.296341463414634,12,Winter,True,False
T00523,2023-10-01,CUST118,Female,40.0,Electronics,Mobiles,3,323,293.0,969,879,Tamil Nadu,183,180,90,9.287925696594428,181.5,5.806501547987616,10,Fall,True,False
T00527,2023-03-29,CUST853,Female,39.0,Clothing,Shirts,1,607,549.0,607,549,Karnataka,123,122,58,9.555189456342669,122.5,6.256177924217463,3,Spring,True,False
T00530,2023-12-15,CUST550,Female,30.0,Sports,Sportswear,1,251,207.0,251,207,Delhi,83,82,44,17.52988047808765,82.5,10.189243027888445,12,Winter,True,False
T00535,2023-07-22,CUST140,Male,58.0,Clothing,Jackets,1,155,132.0,155,132,Gujarat,147,146,23,14.838709677419354,146.5,29.3,7,Summer,True,False
T00544,2023-09-06,CUST799,Female,23.0,Electronics,Laptops,1,886,751.0,886,751,Delhi,152,151,135,15.237020316027088,151.5,5.129796839729119,9,Fall,True,False
T00547,2023-11-02,CUST641,Female,54.0,Home & Kitchen,Furniture,1,396,328.0,396,328,Tamil Nadu,175,174,68,17.17171717171717,174.5,13.21969696969697,11,Fall,True,False
T00556,2023-03-17,CUST979,Female,18.0,Beauty,Makeup,1,516,442.0,516,442,Gujarat,81,80,74,14.34108527131783,80.5,4.836240310077519,3,Spring,True,False
T00557,2023-12-18,CUST227,Female,21.0,Electronics,Accessories,2,162,114.0,324,228,Karnataka,127,125,96,29.629629629629626,126.0,12.055555555555555,12,Winter,True,False
T00561,2023-07-23,CUST691,Female,27.0,Clothing,Jackets,1,296,242.0,296,242,Tamil Nadu,51,50,54,18.243243243243242,50.5,5.288851351351351,7,Summer,True,False
T00564,2023-01-12,CUST225,Male,28.0,Sports,Fitness,1,563,418.0,563,418,Maharashtra,146,145,145,25.754884547069274,145.5,8.011545293072825,1,Winter,True,False
T00577,2023-09-05,CUST889,Male,53.0,Home & Kitchen,Furniture,2,489,436.0,978,872,Karnataka,162,160,106,10.838445807770961,161.0,4.938650306748466,9,Fall,True,False
T00583,2023-09-02,CUST250,Male,49.0,Electronics,Accessories,4,135,112.0,540,448,Uttar Pradesh,159,155,92,17.037037037037038,157.0,8.722222222222221,9,Fall,True,False
T00600,2023-11-09,CUST994,Male,39.0,Sports,Outdoor,1,335,244.0,335,244,Karnataka,190,189,91,27.164179104477608,189.5,16.970149253731343,11,Fall,True,False
T00601,2023-06-09,CUST657,Female,40.0,Beauty,Skincare,1,274,249.0,274,249,Uttar Pradesh,183,182,25,9.124087591240876,182.5,19.98175182481752,6,Summer,True,False
T00609,2023-05-08,CUST955,Female,43.0,Beauty,Makeup,1,359,286.0,359,286,Maharashtra,98,97,73,20.334261838440113,97.5,8.419220055710307,5,Spring,True,False
T00628,2023-10-06,CUST757,Female,49.0,Electronics,Laptops,1,475,345.0,475,345,Gujarat,110,109,130,27.368421052631582,109.5,7.146315789473684,10,Fall,True,False
T00645,2023-12-09,CUST524,Male,42.0,Clothing,T-Shirts,1,215,163.0,215,163,Uttar Pradesh,114,113,52,24.186046511627907,113.5,16.365116279069767,12,Winter,True,False
T00646,2023-03-05,CUST938,Male,21.0,Home & Kitchen,Decor,1,361,261.0,361,261,Delhi,142,141,100,27.70083102493075,141.5,12.150969529085874,3,Spring,True,False
T00653,2023-09-13,CUST610,Male,26.0,Home & Kitchen,Decor,3,333,281.0,999,843,Maharashtra,168,165,156,15.615615615615615,166.5,5.0,9,Fall,True,False
T00659,2023-04-20,CUST291,Female,25.0,Clothing,Jackets,1,356,309.0,356,309,Maharashtra,88,87,47,13.202247191011235,87.5,7.373595505617978,4,Spring,True,False
T00663,2023-05-08,CUST337,Female,41.0,Clothing,Jeans,3,120,103.0,360,309,Gujarat,136,133,51,14.166666666666666,134.5,11.581944444444444,5,Spring,True,False
T00672,2023-08-08,CUST152,Male,47.0,Electronics,Laptops,3,348,297.0,1044,891,Uttar Pradesh,199,196,153,14.655172413793101,197.5,5.864463601532567,8,Summer,True,False
T00676,2023-01-13,CUST656,Male,59.0,Sports,Fitness,2,185,148.0,370,296,Uttar Pradesh,130,128,74,20.0,129.0,10.808108108108108,1,Winter,True,False
T00680,2023-08-09,CUST337,Male,47.0,Electronics,Laptops,2,282,254.0,564,508,Gujarat,198,196,56,9.929078014184398,197.0,10.828014184397162,8,Summer,True,False
T00692,2023-07-05,CUST351,Male,52.0,Home & Kitchen,Cookware,2,218,171.0,436,342,Gujarat,178,176,94,21.55963302752294,177.0,12.5848623853211,7,Summer,True,False
T00707,2023-08-08,CUST989,Male,47.0,Sports,Fitness,1,182,129.0,182,129,Maharashtra,80,79,53,29.120879120879124,79.5,13.54120879120879,8,Summer,True,False
T00708,2023-02-21,CUST956,Male,29.0,Beauty,Haircare,1,610,512.0,610,512,Tamil Nadu,160,159,98,16.065573770491802,159.5,7.3213114754098365,2,Winter,True,False
T00714,2023-08-05,CUST125,Male,22.0,Clothing,Shirts,2,544,467.0,1088,934,Delhi,195,193,154,14.154411764705882,194.0,5.527573529411765,8,Summer,True,False
T00715,2023-09-30,CUST348,Male,31.0,Sports,Fitness,2,205,162.0,410,324,Tamil Nadu,168,166,86,20.975609756097562,167.0,12.219512195121952,9,Fall,True,False
T00716,2023-01-19,CUST674,Male,52.0,Sports,Outdoor,1,815,683.0,815,683,Maharashtra,171,170,132,16.19631901840491,170.5,6.485276073619632,1,Winter,True,False
T00720,2023-12-12,CUST383,Male,49.0,Electronics,Mobiles,1,841,739.0,841,739,Tamil Nadu,185,184,102,12.128418549346016,184.5,6.800832342449465,12,Winter,True,False
T00735,2023-03-05,CUST357,Female,29.0,Electronics,Mobiles,1,535,478.0,535,478,Tamil Nadu,124,123,57,10.654205607476635,123.5,7.1560747663551405,3,Spring,True,False
T00740,2023-10-19,CUST619,Male,22.0,Electronics,Mobiles,2,238,186.0,476,372,Delhi,142,140,104,21.84873949579832,141.0,9.182773109243698,10,Fall,True,False
T00747,2023-02-07,CUST681,Male,32.0,Sports,Fitness,1,299,227.0,299,227,Karnataka,99,98,72,24.08026755852843,98.5,9.224080267558529,2,Winter,True,False
T00756,2023-10-23,CUST917,Male,28.0,Home & Kitchen,Furniture,1,257,222.0,257,222,Karnataka,76,75,35,13.618677042801556,75.5,9.107003891050583,10,Fall,True,False
T00759,2023-02-11,CUST402,Male,54.0,Home & Kitchen,Furniture,2,292,218.0,584,436,Maharashtra,156,154,148,25.34246575342466,155.0,7.431506849315069,2,Winter,True,False
T00763,2023-06-08,CUST668,Male,31.0,Home & Kitchen,Decor,2,212,145.0,424,290,Karnataka,133,131,134,31.60377358490566,132.0,9.339622641509434,6,Summer,True,False
T00764,2023-05-05,CUST970,Male,41.0,Clothing,Shirts,1,185,162.0,185,162,Tamil Nadu,195,194,23,12.432432432432433,194.5,32.59189189189189,5,Spring,True,False
T00767,2023-01-18,CUST393,Female,20.0,Sports,Outdoor,3,122,101.0,366,303,Delhi,198,195,63,17.21311475409836,196.5,16.64344262295082,1,Winter,True,False
T00768,2023-04-14,CUST854,Male,31.0,Electronics,Accessories,3,159,115.0,477,345,Tamil Nadu,193,190,132,27.67295597484277,191.5,12.044025157232705,4,Spring,True,False
T00769,2023-12-03,CUST698,Male,31.0,Electronics,Accessories,1,471,408.0,471,408,Karnataka,93,92,63,13.375796178343949,92.5,6.088110403397027,12,Winter,True,False
T00770,2023-06-18,CUST409,Female,51.0,Clothing,Shirts,1,243,193.0,243,193,Tamil Nadu,153,152,50,20.5761316872428,152.5,18.82716049382716,6,Summer,True,False
T00772,2023-09-30,CUST575,Female,36.0,Home & Kitchen,Decor,2,147,112.0,294,224,Delhi,190,188,70,23.809523809523807,189.0,19.285714285714285,9,Fall,True,False
T00773,2023-09-08,CUST823,Male,52.0,Electronics,Accessories,1,638,563.0,638,563,Karnataka,144,143,75,11.755485893416928,143.5,6.747648902821317,9,Fall,True,False
T00774,2023-10-05,CUST936,Male,44.0,Home & Kitchen,Decor,1,583,451.0,583,451,Maharashtra,136,135,132,22.641509433962266,135.5,7.2049742710120075,10,Fall,True,False
T00792,2023-06-22,CUST178,Female,42.0,Home & Kitchen,Decor,3,135,100.0,405,300,Tamil Nadu,113,110,105,25.925925925925924,111.5,8.25925925925926,6,Summer,True,False
T00801,2023-01-18,CUST189,Female,24.0,Home & Kitchen,Cookware,1,307,212.0,307,212,Maharashtra,136,135,95,30.944625407166125,135.5,13.68241042345277,1,Winter,True,False
T00811,2023-11-26,CUST350,Male,56.0,Sports,Fitness,2,220,172.0,440,344,Maharashtra,160,158,96,21.818181818181817,159.0,10.840909090909092,11,Fall,True,False
T00812,2023-12-05,CUST877,Female,45.0,Sports,Fitness,1,502,448.0,502,448,Tamil Nadu,160,159,54,10.756972111553784,159.5,9.849601593625497,12,Winter,True,False
T00814,2023-12-06,CUST274,Male,21.0,Beauty,Skincare,3,176,156.0,528,468,Karnataka,136,133,60,11.363636363636363,134.5,7.896780303030304,12,Winter,True,False
T00823,2023-04-04,CUST528,Male,30.0,Sports,Outdoor,1,219,187.0,219,187,Maharashtra,160,159,32,14.61187214611872,159.5,21.84931506849315,4,Spring,True,False
T00824,2023-12-04,CUST165,Male,27.0,Clothing,Jeans,3,248,201.0,744,603,Tamil Nadu,125,122,141,18.951612903225808,123.5,5.145833333333333,12,Winter,True,False
T00830,2023-11-24,CUST335,Female,39.0,Clothing,Jeans,1,565,491.0,565,491,Maharashtra,114,113,74,13.097345132743362,113.5,6.026548672566372,11,Fall,True,False
T00832,2023-05-26,CUST954,Female,32.0,Electronics,Accessories,1,814,690.0,814,690,Delhi,140,139,124,15.233415233415235,139.5,5.312653562653563,5,Spring,True,False
T00837,2023-10-24,CUST233,Male,28.0,Sports,Outdoor,1,362,318.0,362,318,Karnataka,124,123,44,12.154696132596685,123.5,10.57596685082873,10,Fall,True,False
T00839,2023-05-26,CUST340,Male,41.0,Beauty,Skincare,1,445,328.0,445,328,Delhi,175,174,117,26.29213483146067,174.5,12.156179775280899,5,Spring,True,False
T00841,2023-05-09,CUST141,Female,36.0,Electronics,Laptops,1,403,342.0,403,342,Delhi,195,194,61,15.136476426799009,194.5,14.961538461538462,5,Spring,True,False
T00870,2023-12-20,CUST587,Female,49.0,Electronics,Laptops,1,249,225.0,249,225,Karnataka,62,61,24,9.63855421686747,61.5,7.656626506024096,12,Winter,True,False
T00872,2023-07-11,CUST864,Male,42.0,Clothing,Jackets,2,197,157.0,394,314,Karnataka,179,177,80,20.304568527918782,178.0,14.00507614213198,7,Summer,True,False
T00876,2023-03-22,CUST424,Male,22.0,Clothing,Jeans,4,127,101.0,508,404,Uttar Pradesh,115,111,104,20.47244094488189,113.0,6.895669291338582,3,Spring,True,False
T00878,2023-04-07,CUST629,Female,24.0,Beauty,Haircare,1,427,309.0,427,309,Maharashtra,181,180,118,27.634660421545664,180.5,12.681498829039814,4,Spring,True,False
T00891,2023-02-25,CUST986,Male,36.0,Beauty,Makeup,1,239,163.0,239,163,Karnataka,174,173,76,31.799163179916317,173.5,20.32635983263598,2,Winter,True,False
T00896,2023-11-23,CUST707,Male,36.0,Electronics,Accessories,2,307,251.0,614,502,Delhi,189,187,112,18.241042345276874,188.0,9.185667752442997,11,Fall,True,False
T00898,2023-07-17,CUST310,Male,35.0,Sports,Fitness,2,527,472.0,1054,944,Tamil Nadu,184,182,110,10.436432637571158,183.0,5.382352941176471,7,Summer,True,False
T00904,2023-09-27,CUST279,Female,49.0,Beauty,Haircare,2,487,420.0,974,840,Gujarat,198,196,134,13.75770020533881,197.0,6.067761806981519,9,Fall,True,False
T00909,2023-01-25,CUST200,Male,55.0,Electronics,Laptops,1,200,173.0,200,173,Tamil Nadu,169,168,27,13.5,168.5,26.117500000000003,1,Winter,True,False
T00911,2023-05-17,CUST935,Male,34.0,Beauty,Skincare,1,365,246.0,365,246,Delhi,134,133,119,32.602739726027394,133.5,11.338356164383562,5,Spring,True,False
T00914,2023-12-04,CUST503,Female,26.0,Electronics,Accessories,1,426,331.0,426,331,Karnataka,68,67,95,22.300469483568076,67.5,4.911971830985915,12,Winter,True,False
T00919,2023-11-14,CUST228,Male,42.0,Home & Kitchen,Furniture,2,196,156.0,392,312,Gujarat,141,139,80,20.408163265306122,140.0,10.714285714285715,11,Fall,True,False
T00921,2023-11-30,CUST298,Female,50.0,Home & Kitchen,Furniture,2,156,124.0,312,248,Delhi,117,115,64,20.51282051282051,116.0,11.153846153846153,11,Fall,True,False
T00933,2023-04-29,CUST337,Male,51.0,Beauty,Makeup,1,957,839.0,957,839,Karnataka,164,163,118,12.330198537095088,163.5,5.125391849529781,4,Spring,True,False
T00940,2023-08-04,CUST954,Female,24.0,Electronics,Laptops,1,551,395.0,551,395,Karnataka,93,92,156,28.31215970961887,92.5,5.204174228675137,8,Summer,True,False
T00941,2023-03-27,CUST655,Male,27.0,Sports,Fitness,3,153,137.0,459,411,Gujarat,100,97,48,10.457516339869281,98.5,6.652505446623094,3,Spring,True,False
T00947,2023-01-18,CUST786,Female,50.0,Sports,Fitness,1,174,136.0,174,136,Gujarat,163,162,38,21.839080459770116,162.5,28.951149425287355,1,Winter,True,False
T00951,2023-10-06,CUST350,Female,33.0,Clothing,Jeans,1,236,186.0,236,186,Maharashtra,185,184,50,21.1864406779661,184.5,24.235169491525422,10,Fall,True,False
T00958,2023-09-12,CUST242,Male,53.0,Home & Kitchen,Cookware,1,516,436.0,516,436,Karnataka,157,156,80,15.503875968992247,156.5,9.098837209302326,9,Fall,True,False
T00959,2023-01-26,CUST520,Male,40.0,Sports,Sportswear,1,607,505.0,607,505,Gujarat,172,171,102,16.80395387149918,171.5,8.758649093904447,1,Winter,True,False
T00975,2023-12-08,CUST213,Male,29.0,Sports,Sportswear,3,177,127.0,531,381,Uttar Pradesh,93,90,150,28.24858757062147,91.5,5.34180790960452,12,Winter,True,False
T00978,2023-12-22,CUST567,Male,36.0,Beauty,Makeup,1,310,281.0,310,281,Maharashtra,166,165,29,9.35483870967742,165.5,16.55,12,Winter,True,False
T00986,2023-07-01,CUST124,Female,45.0,Clothing,Jackets,1,304,229.0,304,229,Maharashtra,106,105,75,24.671052631578945,105.5,10.758223684210526,7,Summer,True,False
T00988,2023-11-19,CUST252,Male,55.0,Sports,Sportswear,1,408,333.0,408,333,Tamil Nadu,158,157,75,18.38235294117647,157.5,11.580882352941178,11,Fall,True,False
T00991,2023-02-11,CUST414,Male,37.0,Beauty,Skincare,1,136,113.0,136,113,Delhi,112,111,23,16.911764705882355,111.5,22.955882352941178,2,Winter,True,False
T00992,2023-03-03,CUST711,Female,36.0,Beauty,Haircare,1,422,292.0,422,292,Gujarat,130,129,130,30.80568720379147,129.5,9.51303317535545,3,Spring,True,False
T00993,2023-02-08,CUST647,Male,57.0,Clothing,Shirts,1,173,150.0,173,150,Tamil Nadu,78,77,23,13.294797687861271,77.5,12.54335260115607,2,Winter,True,False
T00996,2023-12-01,CUST387,Female,26.0,Electronics,Laptops,3,159,129.0,477,387,Karnataka,76,73,90,18.867924528301888,74.5,4.8417190775681345,12,Winter,True,False
T01003,2023-06-08,CUST378,Male,37.0,Electronics,Laptops,1,164,146.0,164,146,Uttar Pradesh,137,136,18,10.975609756097562,136.5,24.96951219512195,6,Summer,True,False
T01004,2023-08-05,CUST100,Male,24.0,Sports,Outdoor,1,212,143.0,212,143,Karnataka,157,156,69,32.54716981132076,156.5,22.88443396226415,8,Summer,True,False
T01009,2023-08-02,CUST953,Female,27.0,Sports,Fitness,3,195,165.0,585,495,Tamil Nadu,194,191,90,15.384615384615385,192.5,10.2008547008547,8,Summer,True,False
T01018,2023-01-13,CUST219,Female,27.0,Home & Kitchen,Furniture,1,582,457.0,582,457,Karnataka,177,176,125,21.477663230240548,176.5,9.401202749140893,1,Winter,True,False
T01021,2023-03-16,CUST336,Female,24.0,Electronics,Accessories,1,445,379.0,445,379,Maharashtra,69,68,66,14.831460674157304,68.5,4.77191011235955,3,Spring,True,False
T01029,2023-05-28,CUST891,Male,44.0,Clothing,Shirts,2,225,201.0,450,402,Karnataka,177,175,48,10.666666666666668,176.0,12.124444444444444,5,Spring,True,False
T01032,2023-06-28,CUST138,Female,21.0,Beauty,Makeup,2,409,337.0,818,674,Maharashtra,165,163,144,17.6039119804401,164.0,6.014669926650367,6,Summer,True,False
T01033,2023-01-11,CUST196,Male,55.0,Home & Kitchen,Decor,2,199,167.0,398,334,Uttar Pradesh,88,86,64,16.08040201005025,87.0,6.776381909547739,1,Winter,True,False
T01036,2023-02-12,CUST585,Male,37.0,Clothing,Shirts,3,332,291.0,996,873,Gujarat,175,172,123,12.349397590361445,173.5,4.877510040160643,2,Winter,True,False
T01049,2023-08-08,CUST939,Male,40.0,Sports,Outdoor,1,837,708.0,837,708,Maharashtra,154,153,129,15.412186379928317,153.5,5.685185185185185,8,Summer,True,False
T01054,2023-04-27,CUST727,Male,47.0,Electronics,Accessories,1,346,250.0,346,250,Tamil Nadu,124,123,96,27.74566473988439,123.5,10.708092485549132,4,Spring,True,False
T01055,2023-08-04,CUST591,Female,43.0,Beauty,Haircare,1,336,291.0,336,291,Karnataka,84,83,45,13.392857142857142,83.5,7.703869047619048,8,Summer,True,False
T01063,2023-11-10,CUST694,Female,18.0,Home & Kitchen,Decor,1,262,227.0,262,227,Uttar Pradesh,156,155,35,13.358778625954198,155.5,17.805343511450385,11,Fall,True,False
T01064,2023-04-19,CUST471,Male,54.0,Clothing,Shirts,1,670,590.0,670,590,Maharashtra,195,194,80,11.940298507462686,194.5,8.708955223880597,4,Spring,True,False
T01066,2023-10-12,CUST921,Female,43.0,Sports,Sportswear,1,636,488.0,636,488,Gujarat,122,121,148,23.270440251572328,121.5,5.922169811320755,10,Fall,True,False
T01067,2023-02-18,CUST200,Male,19.0,Home & Kitchen,Decor,4,137,106.0,548,424,Gujarat,146,142,124,22.62773722627737,144.0,7.357664233576641,2,Winter,True,False
T01069,2023-05-24,CUST487,Female,29.0,Electronics,Accessories,1,621,487.0,621,487,Maharashtra,148,147,134,21.578099838969404,147.5,7.3631239935587764,5,Spring,True,False
T01075,2023-02-27,CUST211,Male,42.0,Sports,Sportswear,1,350,290.0,350,290,Karnataka,146,145,60,17.142857142857142,145.5,11.64,2,Winter,True,False
T01081,2023-12-18,CUST944,Female,22.0,Clothing,T-Shirts,2,211,157.0,422,314,Gujarat,105,103,108,25.59241706161137,104.0,7.639810426540284,12,Winter,True,False
T01088,2023-11-27,CUST818,Female,25.0,Home & Kitchen,Furniture,3,119,108.0,357,324,Karnataka,75,72,33,9.243697478991598,73.5,6.1764705882352935,11,Fall,True,False
T01097,2023-03-30,CUST752,Male,38.0,Sports,Sportswear,1,322,263.0,322,263,Karnataka,58,57,59,18.32298136645963,57.5,5.535714285714286,3,Spring,True,False
T01100,2023-11-19,CUST309,Female,56.0,Home & Kitchen,Decor,1,350,257.0,350,257,Uttar Pradesh,188,187,93,26.571428571428573,187.5,16.071428571428573,11,Fall,True,False
T01102,2023-07-29,CUST623,Male,30.0,Electronics,Accessories,1,477,398.0,477,398,Gujarat,73,72,79,16.561844863731658,72.5,4.711740041928722,7,Summer,True,False
T01104,2023-11-12,CUST450,Female,59.0,Sports,Outdoor,1,171,118.0,171,118,Karnataka,113,112,53,30.994152046783626,112.5,19.736842105263158,11,Fall,True,False
T01111,2023-12-13,CUST827,Male,48.0,Electronics,Accessories,1,436,346.0,436,346,Delhi,164,163,90,20.642201834862387,163.5,11.625,12,Winter,True,False
T01115,2023-06-18,CUST422,Female,50.0,Home & Kitchen,Cookware,1,370,255.0,370,255,Tamil Nadu,189,188,115,31.08108108108108,188.5,15.283783783783782,6,Summer,True,False
T01129,2023-12-13,CUST499,Male,43.0,Sports,Outdoor,1,629,515.0,629,515,Tamil Nadu,129,128,114,18.124006359300477,128.5,6.333068362480128,12,Winter,True,False
T01136,2023-04-19,CUST802,Female,44.0,Clothing,Jackets,1,434,389.0,434,389,Karnataka,159,158,45,10.368663594470046,158.5,10.956221198156681,4,Spring,True,False
T01138,2023-03-27,CUST566,Female,47.0,Sports,Sportswear,1,250,199.0,250,199,Gujarat,60,59,51,20.4,59.5,7.378,3,Spring,True,False
T01140,2023-04-11,CUST776,Female,32.0,Electronics,Laptops,1,662,586.0,662,586,Uttar Pradesh,179,178,76,11.48036253776435,178.5,8.089123867069487,4,Spring,True,False
T01147,2023-05-01,CUST470,Male,52.0,Beauty,Skincare,1,836,685.0,836,685,Tamil Nadu,130,129,151,18.062200956937797,129.5,4.802033492822966,5,Spring,True,False
T01151,2023-12-10,CUST361,Male,44.0,Beauty,Skincare,2,209,183.0,418,366,Tamil Nadu,151,149,52,12.440191387559809,150.0,11.124401913875598,12,Winter,True,False
T01162,2023-10-31,CUST272,Female,59.0,Home & Kitchen,Decor,1,849,748.0,849,748,Delhi,196,195,101,11.896348645465253,195.5,7.138398115429918,10,Fall,True,False
T01167,2023-08-10,CUST357,Male,26.0,Beauty,Haircare,3,210,159.0,630,477,Tamil Nadu,150,147,153,24.285714285714285,148.5,7.307142857142857,8,Summer,True,False
T01173,2023-05-16,CUST921,Female,54.0,Beauty,Skincare,3,140,112.0,420,336,Karnataka,128,125,84,20.0,126.5,9.336904761904762,5,Spring,True,False
T01176,2023-09-19,CUST859,Female,30.0,Beauty,Skincare,1,215,169.0,215,169,Gujarat,185,184,46,21.3953488372093,184.5,25.744186046511626,9,Fall,True,False
T01178,2023-04-28,CUST263,Male,56.0,Home & Kitchen,Furniture,1,446,319.0,446,319,Gujarat,153,152,127,28.475336322869953,152.5,10.257847533632287,4,Spring,True,False
T01179,2023-02-25,CUST217,Male,21.0,Electronics,Accessories,1,429,358.0,429,358,Gujarat,126,125,71,16.55011655011655,125.5,8.191142191142191,2,Winter,True,False
T01183,2023-11-29,CUST538,Male,53.0,Clothing,Jackets,1,621,519.0,621,519,Uttar Pradesh,190,189,102,16.425120772946862,189.5,9.154589371980677,11,Fall,True,False
T01187,2023-12-29,CUST921,Female,22.0,Sports,Outdoor,1,641,577.0,641,577,Delhi,148,147,64,9.98439937597504,147.5,7.133385335413417,12,Winter,True,False
T01195,2023-07-29,CUST755,Female,25.0,Electronics,Accessories,1,456,341.0,456,341,Maharashtra,135,134,115,25.219298245614034,134.5,9.143640350877194,7,Summer,True,False
T01209,2023-08-13,CUST989,Male,41.0,Home & Kitchen,Cookware,3,180,132.0,540,396,Tamil Nadu,190,187,144,26.666666666666668,188.5,10.821296296296298,8,Summer,True,False
T01210,2023-01-23,CUST694,Male,59.0,Sports,Outdoor,1,208,147.0,208,147,Tamil Nadu,189,188,61,29.326923076923077,188.5,28.09375,1,Winter,True,False
T01213,2023-03-18,CUST904,Male,34.0,Sports,Fitness,1,175,122.0,175,122,Maharashtra,151,150,53,30.28571428571429,150.5,26.66,3,Spring,True,False
T01217,2023-04-02,CUST897,Female,24.0,Electronics,Laptops,1,235,178.0,235,178,Karnataka,164,163,57,24.25531914893617,163.5,20.872340425531917,4,Spring,True,False
T01219,2023-12-06,CUST151,Female,20.0,Home & Kitchen,Decor,2,150,123.0,300,246,Karnataka,194,192,54,18.0,193.0,19.94333333333333,12,Winter,True,False
T01222,2023-06-03,CUST778,Female,37.0,Beauty,Haircare,1,248,171.0,248,171,Maharashtra,198,197,77,31.048387096774192,197.5,23.89112903225806,6,Summer,True,False
T01225,2023-02-15,CUST212,Female,44.0,Beauty,Skincare,1,170,144.0,170,144,Karnataka,170,169,26,15.294117647058824,169.5,27.91764705882353,2,Winter,True,False
T01231,2023-03-29,CUST764,Male,32.0,Electronics,Mobiles,2,343,281.0,686,562,Delhi,151,149,124,18.075801749271136,150.0,6.778425655976676,3,Spring,True,False
T01234,2023-05-21,CUST245,Female,58.0,Beauty,Haircare,2,208,162.0,416,324,Tamil Nadu,80,78,92,22.115384615384613,79.0,5.887019230769231,5,Spring,True,False
T01244,2023-08-26,CUST420,Male,28.0,Sports,Fitness,3,151,116.0,453,348,Delhi,130,127,105,23.178807947019866,128.5,8.793598233995585,8,Summer,True,False
T01249,2023-02-22,CUST455,Female,57.0,Beauty,Haircare,1,225,189.0,225,189,Uttar Pradesh,199,198,36,16.0,198.5,24.70222222222222,2,Winter,True,False
T01250,2023-05-26,CUST815,Female,59.0,Sports,Outdoor,3,129,111.0,387,333,Delhi,97,94,54,13.953488372093023,95.5,7.649870801033591,5,Spring,True,False
T01254,2023-02-06,CUST743,Female,30.0,Home & Kitchen,Decor,1,379,260.0,379,260,Uttar Pradesh,137,136,119,31.398416886543533,136.5,10.0844327176781,2,Winter,True,False
T01255,2023-07-13,CUST275,Female,50.0,Home & Kitchen,Furniture,2,268,202.0,536,404,Karnataka,174,172,132,24.62686567164179,173.0,10.005597014925375,7,Summer,True,False
T01256,2023-11-17,CUST141,Female,38.0,Sports,Fitness,1,250,167.0,250,167,Tamil Nadu,118,117,83,33.2,117.5,14.1,11,Fall,True,False
T01262,2023-01-29,CUST738,Male,35.0,Electronics,Accessories,2,185,149.0,370,298,Karnataka,88,86,72,19.45945945945946,87.0,7.289189189189189,1,Winter,True,False
T01266,2023-04-19,CUST718,Female,34.0,Home & Kitchen,Furniture,1,251,189.0,251,189,Tamil Nadu,77,76,62,24.701195219123505,76.5,9.143426294820717,4,Spring,True,False
T01268,2023-07-24,CUST414,Female,22.0,Electronics,Accessories,2,162,147.0,324,294,Tamil Nadu,69,67,30,9.25925925925926,68.0,6.506172839506173,7,Summer,True,False
T01286,2023-08-11,CUST102,Female,20.0,Clothing,Shirts,4,175,147.0,700,588,Delhi,194,190,112,16.0,192.0,8.502857142857142,8,Summer,True,False
T01293,2023-07-20,CUST836,Female,31.0,Home & Kitchen,Furniture,1,118,104.0,118,104,Maharashtra,82,81,14,11.864406779661017,81.5,21.41101694915254,7,Summer,True,False
T01301,2023-12-09,CUST232,Female,42.0,Electronics,Accessories,4,269,242.0,1076,968,Uttar Pradesh,165,161,108,10.037174721189592,163.0,4.696096654275093,12,Winter,True,False
T01305,2023-12-15,CUST370,Male,52.0,Home & Kitchen,Cookware,3,120,100.0,360,300,Karnataka,69,66,60,16.666666666666664,67.5,5.8125,12,Winter,True,False
T01309,2023-04-19,CUST818,Male,21.0,Electronics,Mobiles,1,113,103.0,113,103,Gujarat,154,153,10,8.849557522123893,153.5,40.75221238938053,4,Spring,True,False
T01317,2023-12-05,CUST171,Male,51.0,Clothing,Jeans,2,281,239.0,562,478,Gujarat,121,119,84,14.94661921708185,120.0,6.619217081850534,12,Winter,True,False
T01319,2023-03-04,CUST835,Male,50.0,Electronics,Mobiles,1,678,614.0,678,614,Maharashtra,165,164,64,9.43952802359882,164.5,7.521386430678466,3,Spring,True,False
T01321,2023-07-06,CUST825,Male,32.0,Clothing,Jeans,2,201,177.0,402,354,Tamil Nadu,101,99,48,11.940298507462686,100.0,7.711442786069652,7,Summer,True,False
T01322,2023-05-08,CUST127,Male,18.0,Beauty,Haircare,1,170,139.0,170,139,Maharashtra,87,86,31,18.235294117647058,86.5,15.773529411764708,5,Spring,True,False
T01347,2023-04-23,CUST145,Male,35.0,Beauty,Haircare,3,138,108.0,414,324,Gujarat,173,170,90,21.73913043478261,171.5,12.427536231884057,4,Spring,True,False
T01350,2023-10-07,CUST766,Male,54.0,Beauty,Haircare,2,194,150.0,388,300,Gujarat,75,73,88,22.68041237113402,74.0,5.912371134020619,10,Fall,True,False
T01357,2023-08-27,CUST900,Female,55.0,Clothing,Jackets,1,171,148.0,171,148,Uttar Pradesh,150,149,23,13.450292397660817,149.5,27.10233918128655,8,Summer,True,False
T01367,2023-02-15,CUST440,Female,27.0,Electronics,Mobiles,4,175,145.0,700,580,Delhi,161,157,120,17.142857142857142,159.0,6.36,2,Winter,True,False
T01368,2023-10-19,CUST921,Female,34.0,Beauty,Haircare,1,247,215.0,247,215,Tamil Nadu,199,198,32,12.955465587044534,198.5,24.912955465587043,10,Fall,True,False
T01369,2023-04-27,CUST654,Female,44.0,Electronics,Laptops,1,753,681.0,753,681,Delhi,129,128,72,9.56175298804781,128.5,5.1195219123505975,4,Spring,True,False
T01391,2023-11-03,CUST969,Male,56.0,Electronics,Mobiles,1,447,362.0,447,362,Tamil Nadu,129,128,85,19.015659955257274,128.5,8.624161073825503,11,Fall,True,False
T01393,2023-03-18,CUST486,Male,51.0,Beauty,Haircare,1,643,496.0,643,496,Karnataka,190,189,147,22.86158631415241,189.5,9.136080870917574,3,Spring,True,False
T01399,2023-01-12,CUST932,Female,59.0,Beauty,Skincare,1,188,151.0,188,151,Delhi,186,185,37,19.680851063829788,185.5,30.58776595744681,1,Winter,True,False
T01417,2023-06-09,CUST649,Male,39.0,Home & Kitchen,Cookware,3,183,135.0,549,405,Karnataka,125,122,144,26.229508196721312,123.5,6.748633879781421,6,Summer,True,False
T01418,2023-05-25,CUST840,Male,44.0,Clothing,Jeans,1,371,271.0,371,271,Tamil Nadu,61,60,100,26.954177897574123,60.5,5.0552560646900275,5,Spring,True,False
T01421,2023-03-08,CUST296,Female,31.0,Clothing,Shirts,3,172,139.0,516,417,Maharashtra,103,100,99,19.186046511627907,101.5,6.0978682170542635,3,Spring,True,False
T01422,2023-05-18,CUST572,Male,30.0,Sports,Outdoor,4,176,142.0,704,568,Uttar Pradesh,110,106,136,19.318181818181817,108.0,4.755681818181818,5,Spring,True,False
T01426,2023-08-04,CUST610,Female,22.0,Home & Kitchen,Cookware,1,684,550.0,684,550,Karnataka,138,137,134,19.5906432748538,137.5,6.23172514619883,8,Summer,True,False
T01436,2023-03-18,CUST817,Male,27.0,Home & Kitchen,Decor,4,173,150.0,692,600,Tamil Nadu,119,115,92,13.294797687861271,117.0,5.241329479768786,3,Spring,True,False
T01438,2023-01-22,CUST979,Female,46.0,Electronics,Mobiles,2,257,226.0,514,452,Tamil Nadu,124,122,62,12.062256809338521,123.0,7.41828793774319,1,Winter,True,False
T01439,2023-07-28,CUST282,Male,25.0,Beauty,Haircare,2,250,227.0,500,454,Uttar Pradesh,139,137,46,9.2,138.0,8.556000000000001,7,Summer,True,False
T01447,2023-03-28,CUST929,Female,46.0,Home & Kitchen,Cookware,2,399,324.0,798,648,Karnataka,150,148,150,18.796992481203006,149.0,5.788220551378446,3,Spring,True,False
T01457,2023-03-17,CUST646,Female,28.0,Sports,Outdoor,1,620,493.0,620,493,Uttar Pradesh,133,132,127,20.483870967741936,132.5,6.625,3,Spring,True,False
T01461,2023-05-24,CUST757,Female,24.0,Electronics,Mobiles,1,137,112.0,137,112,Gujarat,184,183,25,18.248175182481752,183.5,41.52189781021898,5,Spring,True,False
T01470,2023-10-11,CUST458,Female,55.0,Home & Kitchen,Furniture,1,581,459.0,581,459,Tamil Nadu,146,145,122,20.998278829604132,145.5,7.763339070567986,10,Fall,True,False
T01471,2023-11-03,CUST438,Female,40.0,Electronics,Accessories,1,593,531.0,593,531,Maharashtra,142,141,62,10.45531197301855,141.5,7.158516020236088,11,Fall,True,False
T01483,2023-09-08,CUST221,Female,24.0,Home & Kitchen,Decor,1,527,417.0,527,417,Delhi,90,89,110,20.872865275142317,89.5,5.094876660341556,9,Fall,True,False
T01484,2023-12-28,CUST688,Female,32.0,Electronics,Laptops,2,332,280.0,664,560,Maharashtra,140,138,104,15.66265060240964,139.0,6.489457831325302,12,Winter,True,False
T01487,2023-01-02,CUST789,Female,58.0,Clothing,Jackets,2,409,346.0,818,692,Gujarat,136,134,126,15.403422982885084,135.0,5.116136919315403,1,Winter,True,False
T01493,2023-11-04,CUST982,Male,51.0,Clothing,Jeans,1,155,110.0,155,110,Gujarat,120,119,45,29.03225806451613,119.5,23.129032258064516,11,Fall,True,False
